co_code,co_name
6,ACC
9,Aegis Logistics
17,Amrutanjan Healt
19,Andhra Cements
20,Internat. Paper
23,Apollo Tyres
29,Arvind Ltd
31,Ashok Leyland
33,Asian Hotels (N)
34,Asian Paints
35,Assam CO. (I)
37,SKF India
39,Astrazeneca Phar
42,Atlas Cycles
43,Atul
50,Bajaj Holdings
51,Bajaj Electrical
55,Balkrishna Inds
56,Ballarpur Inds.
57,Bannari Amm.Sug.
59,BASF India
60,Bata India
62,Bayer Crop Sci.
64,Berger Paints
68,Bharat Bijlee
69,Bharat Forge
70,Bharat Gears
72,Sintex Inds.
77,Birla Corpn.
78,Birla Power Sol.
79,Bliss GVS Pharma
81,Blue Blends (I)
82,Blue Star
84,Bombay Burmah
85,Bombay Dyeing
88,Reliance Infra.
90,Abbott India
93,Britannia Inds.
99,CESC
102,Graphite India
103,Carborundum Uni.
104,CEAT
105,ITD Cem
106,Century Enka
107,Century Textiles
111,Exide Inds.
114,Cipla
116,Clutch Auto
117,DIC India
118,Colgate-Palm.
119,Clariant Chemica
121,Tata Coffee
123,Coromandel Inter
124,Cosmo Films
125,Crompton Greaves
128,DCM
131,Dalmia Bharat
134,Deccan Cements
135,Deepak Fert.
136,Deepak Nitrite
141,DCW
148,EID Parry
149,Merck
150,EIH
151,Eicher Motors
152,Elecon Engg.Co
154,Electrost.Cast.
155,Elgi Equipment
159,GE T&D India
160,Hinduja Foundrie
161,Escorts
164,Essel Propack
165,Everest Inds.
166,Excel Inds.
171,Finolex Cables
172,First Leasing Co
175,Nestle India
180,GKW
183,Delta Magnets
184,Gabriel India
186,Gammon India
190,Garware-Wall Rop
195,Glaxosmit Pharma
196,Goa Carbon
197,Federal-Mogul Go
200,Kansai Nerolac
204,Saregama India
207,GE Shipping Co
208,Greaves Cotton
209,Grindwell Norton
210,Golden Tobacco
213,G N F C
214,Setco Automotive
217,Guj Alkalies
218,Ambuja Cem.
226,G S F C
227,Grasim Inds
230,H D F C
231,GlaxoSmith C H L
233,Harri. Malayalam
237,Hero Motocorp
242,A B B
245,Hind.Construct.
246,Hind.Dorr-Oliver
247,Hind.Motors
249,Bajaj Hindusthan
250,HSIL
251,HEG
252,Hindalco Inds.
253,Hind.Composites
255,Hind. Unilever
256,Sanofi India
257,Hotel Leela Ven.
259,Hil Ltd
262,Zensar Tech.
265,GOCL Corpn.
266,Akzo Nobel
270,India Cements
278,Indian CardCloth
281,IFB Inds.
282,Indian Hotels
283,Indian Hume Pipe
284,Linde India
285,Aditya Bir. Nuv.
288,Gillette India
292,Castrol India
295,Ingersoll-Rand
298,Tata Inv.Corpn.
300,Tata Sponge Iron
301,ITC
302,IVP
303,J B Chem & Pharm
304,JK Tyre & Indust
311,Jay Shree Tea
312,Jenson & Nich.
316,K C P
322,Kalyani Steels
328,Whirlpool India
329,Kesoram Inds.
330,Khaitan Elect.
336,Kirl. Brothers
337,Cummins India
341,Kothari Sugars
342,KSB Pumps
345,Trent
346,Lak. Mach. Works
347,Lak. Prec. Screw
348,Larsen & Toubro
351,LML
355,Manugraph India
357,The Ramco Cement
363,Mah. Scooters
365,M & M
367,Mangalam Cement
368,Mangalore Chem.
372,Max Financial
378,Bosch
384,Modern Insulator
387,Modi Rubber
390,Peninsula Land
391,MRF
392,Mukand
396,Heidelberg Cem.
401,NCL Inds.
410,NELCO
412,Piramal Enterp.
415,NOCIL
419,Orient Abrasives
420,Orient Paper
421,Oriental Hotels
422,OCL India
425,Oswal Agro Mills
434,Pfizer
435,Phillips Carbon
444,Prakash Inds.
445,Surya Roshni
446,Fag Bearings
447,Premier
450,Pressman Adv.
453,Pudumjee Pulp
457,Punjab Chemicals
465,Rallis India
470,Rane Holdings
474,Raymond
476,Reliance Inds.
478,Revathi Equipmnt
480,P & G Hygiene
484,Rollatainers
502,Vedanta
503,Seshasayee Paper
505,Shalimar Paints
508,Shree Cement
513,SRF
514,Siemens
515,Sirpur Paper
516,Siyaram Silk
519,Somany Ceramics
525,S P I C
526,TVS Srichakra
529,Standard Inds.
533,Steel Tubes (I)
535,JK Lakshmi Cem.
536,Kitply Inds.
537,Sundaram Brake
538,Sundaram Clayton
539,Sundram Fasten.
540,Sundaram Finance
541,Supreme Inds.
544,SML ISUZU
549,Talbros Auto.
552,Tata Chemicals
554,Tata Power Co.
555,Infomedia Press
556,TRF
557,Tata Global
560,Tata Motors
562,Texmaco Infrast.
563,Thirumalai Chem.
564,Thomas Cook (I)
565,Tinplate Co.
566,Tata Steel
569,TIL
573,Tube Investments
577,Unichem Labs.
578,Eveready Inds.
580,U B Holdings
587,Universal Cables
592,Jubilant Life
597,Voltas
598,VST Inds.
600,UB Engg.
601,W S Inds.
602,Walchan. Inds.
606,Wendt India
607,West Coast Paper
609,Wheels India
611,Willard India
614,Wipro
618,XPRO India
620,Zenith Birla
621,Zuari Global
622,Automotive Axles
623,Malwa Cotton Spg
632,Alembic
633,Alkyl Amines
636,Apollo Hospitals
641,Oswal Green Tech
644,Cimmco
651,Dynamatic Tech.
655,Global Offshore
657,Godfrey Phillips
667,Indo National
670,Nalwa Sons Invst
672,JBF Inds.
677,Lyka Labs
683,Modern Denim
688,NRC
690,NESCO
694,Oudh Sugar Mills
695,Marathon Nextgen
700,RSWM Ltd
702,Rico Auto Inds
704,Ruchi Soya Inds.
720,V I P Inds.
722,Vindhya Telelink
732,Balmer Lawrie
737,Dhunseri Petro.
743,Kanoria Chem.
745,Williamson Magor
751,McNally Bharat
755,Oriental Carbon
765,Upper Gang. Sug.
770,Peria Kara. Tea
771,Sakthi Sugars
780,TTK Healthcare
782,Lumax Inds.
798,Varun Ship. Co.
799,Ador Welding
805,Oricon Enter.
807,Mangalam Timber
808,Sudarshan Chem.
809,Windsor Machines
810,Uniphos Enter.
815,Dr Reddy's Labs
820,Uttam Value Ste.
825,BSL
830,Rajas. Petro Syn
831,Regency Ceramics
840,IFB Agro Inds.
842,Himatsing. Seide
848,T N Petro Prod.
866,INEOS Styrolut.
897,Gandhi Spl. Tube
922,Kesar Enterprise
927,Twilight Litaka
932,Vardhman Textile
941,Munjal Showa
942,Nahar Spinning
955,Rain Industries
965,Jindal Saw
968,Shanthi Gears
974,STI India
976,Winsome Diamonds
979,Tainwala Chem.
983,Vardhman Hold.
986,Unitech
991,Banco Products
992,Natl. Steel&Agro
998,Zandu Realty
1000,Sagar Cements
1016,Titan Company
1019,HCL Infosystems
1022,Garden Silk Mill
1024,Asahi India Glas
1026,GHCL
1028,Honda Siel Power
1035,Nicco Corpn.
1052,Visaka Inds.
1054,Sona Koyo Steer.
1056,Polyplex Corpn
1057,Uttam Galva
1058,Ester Inds.
1062,JCT Electronics
1065,Sunflag Iron
1066,Murudesh Ceramic
1071,Kirloskar Indus.
1074,Guj. Sidhee Cem.
1075,Munjal Auto Inds
1076,Usha Martin
1079,AGC Networks
1082,Classic Diamonds
1083,Samtel Color
1093,Aban Offshore
1095,EIH Assoc.Hotels
1097,Kokuyo Camlin
1102,The Hi-Tech Gear
1105,India Glycols
1106,Huhtamaki PPL
1119,Pennar Inds.
1121,Subros
1127,Jain Irrigation
1128,Guj Fluorochem
1129,Kajaria Ceramics
1131,Honeywell Auto
1140,Sarda Energy
1147,Esab India
1149,Jamna Auto Inds.
1150,Jay Bharat Mar.
1165,Monsanto India
1167,Value Industries
1180,Shrenuj & Co.
1186,Nahar Indl. Ent.
1189,H F C L
1190,Oil Country
1196,Jyoti Structures
1208,Eurotex Inds.
1210,Modern Terry Tow
1214,Bhansali Engg.
1215,Pearl Polymers
1216,Chemfab Alkalis
1220,Indo Rama Synth.
1223,Can Fin Homes
1224,Vinyl Chemicals
1225,Dharani Sugars
1227,Kabra Extrusion
1250,Venky's (India)
1252,Finolex Inds.
1254,Albert David
1255,Amtek Auto
1258,Shiva Texyarn
1259,Ansal Housing
1287,Hind Syntex
1291,Jindal Drilling
1305,Lloyds Finance
1310,Modern Syntex
1313,Moser Baer (I)
1318,Omax Autos
1320,Patel Engg.
1321,Polar Inds.
1322,PTL Enterprises
1338,Steel Str. Wheel
1344,Swaraj Engines
1358,Weizmann
1369,Man Inds.
1375,St Bk of India
1389,Autolite (I)
1393,ORG Informatics
1394,Shreyans Inds.
1419,ICDS
1436,Rajshree Sugars
1437,Ruby Mills
1467,Advani Hotels.
1470,Hind Rectifiers
1474,Uflex
1514,Ucal Fuel Sys.
1520,Spice Mobility
1524,Vadilal Inds.
1538,Anant Raj
1559,Harita Seating
1572,Jai Corp
1590,Geodesic
1610,Sical Logistics
1623,Sujana Univ. Ind
1627,Navneet Educat.
1693,Good Value Mktg
1706,Superhouse Ltd
1710,IL&FS Inv.Manag.
1725,Hind.Oil Explor.
1729,PAE
1736,Suman Motels
1741,Century Extrus.
1742,Godrej Inds.
1745,Shriram Trans.
1765,T T
1774,Dhanuka Agritech
1781,Kirl. Electric
1783,Super Forgings
1792,Manali Petrochem
1809,Asian Electronic
1813,GRP
1814,Dewan Hsg. Fin.
1840,AVT Natural Prod
1846,Ginni Filaments
1861,Kakatiya Cement
1866,Reliance Capital
1878,Thiru Aroor. Su.
1889,Salzer Electron.
1896,Sterling Biotech
1903,Precot Meridian
1905,Super Spinning
1907,India Nipp.Elec.
1908,Pricol
1909,Rolta India
1926,Ramco Inds.
1927,L G Balakrishnan
1938,Motor & Gen Fin
1941,United Nilgiri
1945,India Motor Part
1952,Suryalak. Cott.
1957,Ruchi Infrastr.
1960,Indo Count Inds.
1967,Guj. Lease Fin.
1971,Spanco Ltd
1973,IOL Chemicals
1975,Hercules Hoists
1988,DE Nora India
2004,Arshiya
2006,AYM Syntex
2035,Apar Inds.
2036,Orient Bell
2039,Donear Inds.
2053,Nova Electro
2060,Maha Rashtra Apx
2061,Nilkamal Ltd
2074,Nahar Poly
2075,TECIL Chemical
2086,Sequent Scien.
2096,3M India
2100,Johnson Con. Hit
2105,HB Stockholdings
2110,Amara Raja Batt.
2113,JM Financial
2117,Swan Energy
2129,T N Telecom.
2141,EMCO
2146,Agro Tech Foods.
2153,Radico Khaitan
2163,Cholaman.Inv.&Fn
2165,Star Paper Mills
2168,S & S Power Swit
2171,Jagsonpal Pharma
2174,NEPC India
2191,Mah. Seamless
2195,Rel. Indl. Infra
2198,Maral Overseas
2202,I G Petrochems
2208,Balrampur Chini
2216,High Ground
2226,Timken India
2227,Welspun India
2247,Vinati Organics
2259,Andhra Sugars
2278,Ganesha Ecosphe.
2285,Gufic BioScience
2290,B P C L
2292,MMTC
2293,M T N L
2294,BEML Ltd
2295,Tata Comm
2297,R C F
2298,Bharat Electron
2299,S A I L
2300,S T C
2301,F A C T
2302,Hind.Organ.Chem.
2303,NLC India
2304,Natl. Aluminium
2305,H P C L
2306,B H E L
2307,Hind.Zinc
2322,Tata Elxsi
2323,HMT
2329,Bhagyanagar Ind
2330,Kotak Mah. Bank
2334,ITI
2335,Dredging Corpn.
2337,DCM Shriram
2338,Mawana Sugars
2339,C P C L
2347,S C I
2356,Metalyst Forg.
2362,Autoriders Fin.
2370,Rainbow Papers
2371,Genesys Intl.
2378,Aarti Inds.
2381,IFGL Refractor
2385,Binani Inds
2386,Ausom Enter.
2393,Wanbury
2395,Grand Foundry
2396,Suryajyoti Spg.
2400,Prec. Wires (I)
2401,HBL Power System
2404,Ajmera Realty
2410,Arcotech Ltd
2412,Khaitan (India)
2415,Gillanders Arbut
2416,ADF Foods
2437,NEPC Agro Foods
2439,GTL
2447,Easun Reyrolle
2461,UPL
2467,Future Enterp.
2469,Guj. Ambuja Exp
2496,M R P L
2521,Madhav Marbles
2531,VST Till. Tract.
2547,Kingfa Science
2555,Parrys Sugar
2576,Naga Dhunseri
2598,NCC
2603,Nakoda
2626,Dhampur Sugar
2631,KDDL Ltd
2638,Plastiblends (I)
2642,GRUH Finance
2650,P I Inds.
2671,Indl. Inv. Trust
2685,Morepen Labs.
2705,Sumeet Inds.
2706,Apcotex Industri
2712,Phoenix Lamps
2717,Kopran
2718,Guj Inds. Power
2720,Lak. Vilas Bank
2722,Karur Vysya Bank
2732,Mastek
2747,Eimco Elecon(I)
2765,Vijay Shan. Bui.
2769,Ashiana Housing
2771,NIIT
2773,Ramgopal Polytex
2777,Bharat Rasayan
2779,Cons. Finvest
2780,Himadri Specialt
2787,SREI Infra. Fin.
2794,ESI
2796,GTN Industries
2805,MIRC Electronics
2806,Infosys
2817,Pil Italica
2820,Ansal Properties
2825,Information Tech
2831,Sangam India
2838,Mazda
2846,Tide Water Oil
2848,VLS Finance
2852,Viceroy Hotels
2879,Indo Biotech
2893,Guj. Raffia Inds
2896,Menon Bearings
2897,Simplex Infra
2900,Vardhman Polytex
2912,CMI
2915,Jayant Agro Org.
2955,D S Kulkarni Dev
2966,Motherson Sumi
2970,Trident
2975,Aarti Drugs
2986,Tata Metaliks
2987,Modern Malleable
2990,Banswara Syntex
2996,Soma Textiles
2997,Shah Alloys
3007,Salora Intl.
3010,Kemrock Inds.
3019,TCI Finance
3021,Cubex Tubings
3026,Lupin
3029,Chambal Fert.
3041,Monnet Ispat
3046,Namaste Exports
3049,Shri Lakshmi
3058,Ashima
3088,Sujana Metal Prd
3099,Sathavaha. Ispat
3100,Aarvee Denims
3111,Ashapura Minech.
3118,Alok Inds.
3124,Ratnamani Metals
3126,Zee Entertainmen
3129,Atcom Technolog
3135,Orchid Pharma
3139,JVL Agro Indus
3140,Bodal Chemicals
3148,IFCI
3169,Bhushan Steel
3173,Sanwaria Agro
3175,Amit Spinning
3179,Birla Cable
3187,S Kumars Nation
3188,Pion. Embroider.
3196,Vesuvius India
3210,Mindteck (India)
3219,Pidilite Inds.
3225,Diamond Power
3226,K S Oils
3231,Vimta Labs
3240,G M Breweries
3243,Spentex Inds.
3250,Hitech Plast
3264,Filatex India
3265,CRISIL
3266,Videocon Inds.
3270,Agro Dutch Inds.
3272,Havells India
3282,Mold-Tek Technol
3284,Biofil Chemicals
3285,Marksans Pharma
3304,Mercator
3313,SVOGL Oil
3315,Prem. Explosives
3317,Foseco India
3319,Control Print
3325,Patspin India
3335,KND Engg.Techno.
3348,SPML Infra
3349,Orient Press
3356,Rana Sugars
3361,MphasiS
3382,Emtex Inds(I)
3388,Tilaknagar Inds.
3392,Dabur India
3420,Crest Ventures
3446,Ganesh Housing
3450,Igarashi Motors
3453,Nagreeka Exports
3458,Praj Inds.
3464,Kalyani Forge
3465,Symphony
3469,Zenith Exports
3487,Murli Industries
3497,Pitti Lamination
3505,Winsome Yarns
3526,Patel Integrated
3528,ATN Intl.
3537,Kohinoor Foods
3538,Premier Polyfilm
3546,Vakrangee
3559,Alphageo (India)
3598,SPL Inds.
3608,Supreme Petroch.
3609,Mahamaya Steel
3613,Guj Apollo Inds
3616,Torrent Pharma.
3617,Ipca Labs.
3624,Automotive Stamp
3630,Kilitch Drugs
3673,Shyam Telecom
3697,Krebs Biochem
3704,Anik Industries
3708,Indbank Merchant
3709,Federal Bank
3715,Mavi Industries
3720,BPL
3722,Bajaj Fin.
3750,Valecha Eng.
3780,Nava Bharat Vent
3782,Vimal Oil Foods
3800,Neuland Labs.
3809,Arrow Greentech
3812,Dynachem Pharma
3825,M M Forgings
3826,Poddar Pigments
3828,Girdhari.Sugar
3840,Safire Global Me
3852,Avanti Feeds
3885,Srikalahas. Pip.
3888,R S Software (I)
3896,Guj NRE Coke
3897,Surana Inds.
3898,Hind.Copper
3899,Butterfly Gan Ap
3924,Sanghi Inds.
3929,Inox Air Product
3930,Zodiac Cloth. Co
3954,Mayur Uniquote
3977,Vishnu Chemicals
3985,Country Club Hos
3993,Pearl Engg. Poly
3996,Zodiac-JRD MKJ
4018,Pan India Corpor
4019,Fedders Lloyd
4031,Gangotri Textile
4042,Prime Securities
4050,Techindia Nirman
4093,Hinduja Ventures
4101,Umang Dairies
4123,Ind-Swift
4138,Keynote Corp.
4141,Pudumjee Industr
4144,N K Inds.
4149,Savita Oil Tech
4150,TPL Plastech
4154,Liberty Shoes
4157,Times Guaranty
4159,Tokyo Plast Intl
4162,Jindal Poly Film
4164,Hester Bios
4169,Electrotherm(I)
4177,Blue Dart Exp.
4196,Krishna Engg.
4230,NEPC Textiles
4231,Kalindee Rail
4244,Adani Enterp.
4248,LIC Housing Fin.
4257,Som Distilleries
4259,Norben Tea
4261,Dolphin Offshore
4269,Mirza Internatio
4275,Parenteral Drugs
4301,TTK Prestige
4317,Tour. Fin. Corp.
4318,Oriental Bank
4320,Websol Energy
4325,Sun Pharma.Inds.
4335,Lloyd Electric
4338,JMT Auto
4353,JMC Projects
4354,Kamat Hotels
4368,DSJ Communicatn
4374,Shree Rama News.
4378,DCM Financial
4387,Hotel Rugby
4389,Hybrid Financial
4395,Rajdarshan Inds
4401,Hikal
4406,JIK Inds.
4416,Surana Telecom
4418,Bhartiya Intl.
4439,Heritage Foods
4441,Shreyas Shipping
4446,Damodar Indust.
4452,Pruden. Sugar
4464,Caplin Point Lab
4469,Onward Technolog
4472,Astra Microwave
4476,Sambhaav Media
4488,Centum Electron
4496,Nivyah Infra.
4498,Antarctica
4502,Alchemist
4506,Jayaswal Neco
4518,Kalpataru Power
4524,Orbit Exports
4537,Sandesh
4545,Goldiam Intl.
4552,PVP Ventures
4580,GIC Housing Fin
4584,Trigyn Techno.
4593,Ashco Niulab Ind
4620,IMP Powers
4621,Kitex Garments
4640,Hind.Natl.Glass
4662,Vipul Ltd
4664,Paras Petrofils
4666,Aurobindo Pharma
4674,Crest Animation
4675,Eastern Sugar
4679,KEI Inds.
4684,Natco Pharma
4699,Panama Petrochem
4701,Greenply Inds.
4702,PSL
4704,Bal Pharma
4719,Aro Granite Inds
4724,Muthoot Cap.Serv
4727,Prism Cement
4734,Banaras Beads
4756,63 Moons Tech.
4760,SEAMEC Ltd
4761,Sarla Performanc
4764,JSW Steel
4767,Thermax
4770,21st Cent. Mgmt.
4791,Venus Remedies
4819,Rai S R Mohota
4820,Sanghvi Movers
4822,Selan Expl. Tech
4846,Adi Finechem
4879,Chromatic India
4895,Themis Medicare
4907,CCL Products
4916,Suven Life Scie.
4926,Era Infra Engg.
4936,Kothari Products
4939,La Opala RG
4962,Genus Power
4974,Kellton Tech
4987,HDFC Bank
4992,NRB Bearings
4993,DB Intl.Stock
4994,Petron Engg
5014,Ugar Sugar Works
5020,Goodluck Steel
5023,Magma Fincorp
5031,Shilpa Medicare
5056,Relaxo Footwear
5068,Noesis Industrie
5076,GEI Industrial
5110,Sterling Tools
5114,Natl. Wind Power
5120,ANG Inds
5128,Raj Rayon Inds.
5129,Aftek
5135,Alps Inds.
5155,Paramount Comm.
5178,Nila Infrastruct
5184,Netvista Inform
5185,Cupid
5200,Lakshmi Energy
5247,Bhageria Indust.
5266,Remsons Inds.
5288,Balaji Amines
5312,GSL Nova Petro.
5324,Kwality
5369,Om Metals Infrap
5374,ECE Inds.
5375,Sil Business
5400,TCS
5418,ICICI Bank
5433,IDBI Bank
5445,Corporation Bank
5452,Oil India
5455,Power Grid Corpn
5456,Bank of Baroda
5471,Canara Bank
5475,UCO Bank
5481,United Bank (I)
5492,Cox & Kings
5493,Union Bank (I)
5496,Maruti Suzuki
5498,Shriram Pistons
5516,Shri Matre
5521,S B T
5523,Dhanlaxmi Bank
5531,IndusInd Bank
5533,Dena Bank
5539,Central Bank
5553,Alankit
5554,Axis Bank
5571,Sphere Global
5586,Jet Airways
5600,Surana Corp.
5607,Bank of Maha
5611,Elder Pharma
5638,Syndicate Bank
5654,Bank of India
5656,HCL Technologies
5675,Allahabad Bank
5704,Madras Fert.
5745,Rossell India
5772,JK Paper
5807,Indian Metals
5814,Pun. & Sind Bank
5834,Pilani Invest.
5859,Andhra Bank
5860,Karnataka Bank
5895,Cranes Software
5926,ICSA (India)
5947,St Bk of Mysore
5951,Alicon Cast.
5954,IVRCL
5955,I O B
5961,St Bk of Bikaner
5982,RBL Bank
5991,KRBL
6025,Vijaya Bank
6045,Suprajit Engg.
6061,Indian Bank
6064,Geojit BNP
6068,O N G C
6070,Arman Financial
6083,Manappuram Fin.
6103,Beardsell
6113,Sri Adhik. Bros.
6127,Vikas Ecotech
6159,Nucleus Soft.
6263,South Ind.Bank
6279,Country Condo
6285,Lak. Fin. & Indl
6367,Zydus Wellness
6418,Phoenix Mills
6423,Emami
6454,The Byke Hospi.
6463,Gemini Comm.
6481,Jullundur Motor
6485,NBI Indl. Fin.
6548,Shri.City Union.
6570,Almondz Global
6580,Shakti Pumps
6589,Signet Indus.
6599,Jocil
6600,Lambodhara Text.
6614,Wellwin Inds.
6649,Swelect Energy
6661,AI Champ.Inds.
6674,Vital Comm.
6730,Mohit Inds.
6733,Karuturi Global
6838,Sunteck Realty
6856,Maars Soft.Intl.
6867,Bilpower
6890,DLF
6902,Jindal Worldwide
6975,Viji Finance
6986,Sundaram Multi.
7015,City Union Bank
7045,Kanani Inds.
7065,Sharda Motor
7091,Spectacle Ventur
7102,Responsive Ind
7129,SE Investments
7133,Panoramic Univ.
7255,Khandwala Sec.
7310,Ahluwalia Contr.
7311,J & K Bank
7383,Prajay Engg.
7387,Pioneer Distil.
7400,Agarwal Indl.
7436,Cybertech Sys.
7469,CORE Education
7484,LCC Infotech
7550,Lila Worldwide
7594,BSEL Infra.
7620,REI Agro
7629,KSS
7816,Mukand Engineers
7817,Ambica Agarbat.
7820,KCP Sugar &Inds.
7855,Punjab Natl.Bank
7902,Parekh Aluminex
7927,Ind-Swift Labs.
7947,Welspun Corp
7971,Supreme Impex
8008,Sh. Rama Multi.
8014,Compucom Soft.
8019,Zenith Infotech
8020,KDL Biotech
8021,Wockhardt
8022,Tips Industries
8029,TVS Motor Co.
8032,Usha Mart. Edu.
8034,Megasoft
8036,United Spirits
8037,BF Utilities
8039,Aptech
8040,Aurionpro Sol.
12001,NTPC
12002,I O C L
12019,Coal India
12029,Engineers India
12059,NMDC
12061,Natl.Fertilizer
12068,Power Fin.Corpn.
12076,SJVN
12111,Hexaware Tech.
12122,T N Newsprint
12208,Madhucon Proj.
12220,Punj Lloyd
12232,Guj Pipavav Port
12295,Minda Inds.
12317,Duncans Inds.
12334,APL Apollo
12350,GAIL (India)
12371,Zicom Electron.
12382,Linc Pen &Plast.
12420,Panacea Biotec
12476,Aries Agro
12490,Sonata Software
12521,Page Industries
12546,KIOCL
12579,Indoco Remedies
12580,STG Lifecare
12584,NHPC Ltd
12585,Marico
12586,Redington India
12605,KLG Systel
12607,Container Corpn.
12608,SIL Investments
12611,Ramco Systems
12626,Empee Distill.
12632,Granules India
12637,Kothari Petroche
12639,Coral India Fin.
12648,Arvind Remedies
12653,Reliance Power
12669,GeeCee Vent.
12683,Lincoln Pharma.
12715,SKIL Infrastr
12727,Capri Global
12828,Jain Studios
12902,Jaihind Projects
12952,Aspinwall & Co
12966,Gokaldas Exports
12977,Indrapr.Medical
12986,Blu.Coast Hotel.
13023,Hatsun AgroProd.
13035,ICRA
13051,Rajesh Exports
13067,Geometric
13090,Credit Analysis
13105,Oracle Fin.Serv.
13166,NBCC
13191,Computech Intl.
13212,Prestige Estates
13214,Cerebra Integr.
13240,India Power Corp
13267,Morarjee Text.
13320,Lokesh Mach.
13362,Pokarna
13369,Mahanagar Gas
13410,Arih.Found.Hsg.
13415,Kamper Concast
13425,Cyber Media Ind
13504,Ajanta Pharma
13561,Archies
13649,Blue Chip India
13660,Cyient
13673,Goldstone Tech.
13683,Nitco
13706,Growth Techno
13786,Technofab Engg.
13819,Manaksia
13863,MOIL
13868,G M D C
13872,Suzlon Energy
13967,Blue Bird (I)
13973,Poly Medicure
14001,TVS Elec.
14138,Suprem.Tex Mart
14155,Subex
14181,California Soft.
14185,Ortel Commu.
14192,Eon Elect.
14222,Gati
14266,JP Power Ven.
14270,Rupa & Co
14275,Quintegra Soln.
14343,Adit.Birla Money
14369,Creative Eye
14390,Rasoya Proteins
14482,FDC
14548,Jubilant Food.
14551,Cinevista
14602,DCB Bank
14608,Silicon Valley
14610,Todays Writing
14618,Ankur Drugs
14622,PVR
14680,MRO-TEK Realty
14691,Stampede Cap.
14709,Vidhi Dyestuffs
14738,Globus Corp.
14741,Maithan Alloys
14744,Gateway Distr.
14761,Eider Infotech
14775,Jyothy Lab.
14787,Aravali Inds.
14801,Biocon
14804,Tricom India
14817,Atul Auto
14852,ABG Shipyard
14871,BGR Energy Sys.
14927,Accelya Kale
14965,PNB Gilts
14978,Minda Corp
15007,Prit Nandy Comm.
15046,Aksh Optifibre
15108,Summit Sec.
15196,Nelcast
15228,Sun TV Network
15293,JP Associates
15342,Helios Matheson
15469,Smartlink Netwr.
15542,Bharti Airtel
15613,Godrej Propert.
15631,Castex Tech
15639,Energy Devl.Co.
15674,NDTV
15783,Century Ply.
15798,Salona Cotspin
15825,Dwarikesh Sugar
15871,Lovable Lingerie
15876,Visagar Polytex
15934,Repro India
16012,Tulip Telecom
16020,Ambika Cotton
16077,Cura Tech.
16093,Satin Creditcare
16305,Kernex Microsys.
16437,Vaibhav Global
16474,PNB Housing
16500,Gayatri Projects
16541,KPIT Tech.
16667,BLB
16795,M & M Fin. Serv.
16819,IZMO
16825,Kamdhenu
16996,Strides Shasun
17099,XL Energy
17125,Raj Television
17136,J K Cements
17208,STEL Holdings
17211,Delta Corp
17215,Tech Mahindra
17376,Hindustan Media
17399,SKM Egg Prod.
17416,Polaris Consulta
17472,Ortin Labs.
17515,Noida Tollbridg.
17576,Excel Crop Care
17600,Orient Cement
17714,Landmark Prop.
17761,Micro Techno.
17808,Adani Power
18014,IL&FS Engg.
18075,Rural Elec.Corp.
18105,L & T Infotech
18203,Kavveri Telecom
18268,Mahindra Holiday
18286,Persistent Sys
18410,Allied Digital
18488,Torrent Power
18695,Shirpur Gold
18844,Info Edg.(India)
18868,MPS
18922,Lypsa Gems
19299,Alkem Lab
19320,Vardhman Acrylic
19534,Melstar Info.
19611,V-Guard Inds.
19638,T B Z
19816,Advance. Enzyme.
19825,Indo Tech.Trans.
19939,Titagarh Wagons
19961,Shoppers St.
20045,R Systems Intl.
20058,Triven.Engg.Ind.
20076,PTC India
20099,Petronet LNG
20238,Grob Tea Co
20249,Mangalam Drugs
20287,Jindal Steel
20289,Simplex Projects
20422,Atlanta
20485,Blue Star Info.
20561,Transport Corp.
20581,Mindtree
20600,Glenmark Pharma.
20631,Dish TV
20648,Sasken Comm.Tec.
20650,3i Infotech
20659,Hathway Cable
20670,MPS Infotecnics
20703,Indraprastha Gas
20710,Intrasoft Tech.
20728,Mahindra Life.
20754,TajGVK Hotels
20790,Visu Intl.
20791,Entegra
20883,Cadila Health.
20915,Lycos Internet
20944,GE Power
20947,Dynacons Sys.
20956,Padmalaya Tele.
20975,Agnite Educ.
21112,Mukta Arts
21132,Orbit Corpn.
21187,Datamatics Glob.
21188,Divi's Lab.
21203,Zen Technologies
21214,Tata Tele. Mah.
21275,FCS Software
21281,Adani Ports
21300,Opto Circuits
21304,AXISCADES Engg.
21321,Balaji Telefilms
21325,Welspun Enterp
21331,Sterlite Tech.
21335,Cigniti Tech.
21338,Amar Remedies
21351,Prithvi Info.
21357,Next Media.
21953,Lanco Infratech
21960,Godrej Consumer
21999,Net 4 India
22005,ICICI Pru Life
22012,Goldst.Infratec.
22048,Royal Orch.Hotel
22118,Jagran Prakashan
22130,Dishman Pharma.
22137,Sadbhav Engg.
22202,Ponni Sug.Erode
22219,Meghmani Organ.
22265,I D F C
22361,Gulshan Polyols
22406,Compuage Info.
22472,Anandam Rubber
22535,BLS Internat.
22626,Inox Leisure
22648,Cera Sanitary.
22783,Inventure Grow.
22825,AIA Engg.
22835,Tantia Constr.
22868,Ramsarup Inds.
22883,Radaan Media.
22929,Triveni Turbine
22980,Orissa Minerals
23037,BAG Films
23039,GMR Infra.
23040,Idea Cellular
23050,Reliance Defence
23087,IOL Netcom
23165,Maxwell Inds.
23220,United Breweries
23244,ISMT
23296,IIFL Holdings
23313,S H Kelkar & Co.
23340,Rama Steel Tubes
23341,JBM Auto
23431,Transwar.Fin.
23448,Lux Industries
23450,20 Microns
23457,Advanta
23505,Bharati Defence
23562,Lumax Auto Tech.
23633,Hanung Toys
23653,Hi-Tech Pipes
23785,Nitin Spinners
23816,Precision Camshf
23818,PPAP Automotive
23869,STL Global
23875,Sh.Renuka Sugar
23920,Nectar Lifesci.
23921,Surya Pharma.
23959,Uttam Sug.Mills
24005,A B M Internatl.
24049,Fortis Health.
24057,Gitanjali Gems
24061,T.V. Today Netw.
24065,Guj.St.Petronet
24115,P B A Infra.
24194,D C Holdings
24258,North Eastn.Car.
24379,Sharon Bio-Med.
24392,Tanla Solutions
24440,Deep Industries
24585,Navin Fluo.Intl.
24603,8K Miles
24608,Varun Beverages
24610,Jindal Stain.
24619,Jai Balaji Inds.
24621,Lumax Auto.Sys.
24625,Apollo Sindoori
24642,Green Fire
24690,JSW Holdings
24705,Gammon Infra.
24762,Palred Technolog
24769,Muthoot Finance
24800,Parsvnath Devl.
24831,Crew B.O.S.Prod.
24833,MSP Steel & Pow.
24835,Indowind Energy
24836,Pochiraju Inds.
24837,Usher Agro
24853,Allsec Tech.
24882,Firstsour.Solu.
24915,Team Lease Serv.
24934,Ramkrishna Forg.
24936,Zylog Systems
24941,Jindal Photo
24946,McDowell Hold.
24949,H T Media
24951,UltraTech Cem.
24957,GP Petroleums
24978,NIIT Tech.
24988,Mcleod Russel
24993,Everest Kanto
25008,C C C L
25031,Bedmutha Indus.
25040,Fiem Inds.
25067,Repco Home Fin
25242,Xchanging Sol.
25263,S.A.L Steel
25267,Yes Bank
25386,Solar Inds.
25397,Unity Infra.
25457,Impex Ferro Tech
25459,Puravankar.Proj.
25502,Alkali Metals
25513,Ashoka Buildcon
25537,Ent.Network
25561,Intl Construct
25599,Omnitech Info.
25636,Uniply Inds.
25664,Accel Frontline
25746,Multi Comm. Exc.
25767,Syngene Intl.
25775,Bannari Amm Spg.
25777,Bombay Rayon
25785,Globus Spirits
25805,Ravikumar Distll
25807,SMS Pharma.
25812,Sh.Ganesh Forg.
25830,GTL Infra.
25991,Skipper
26063,Adhunik Indus.
26184,Kolte Patil Dev.
26339,Pincon Spirit
26416,GPT Infraproject
26453,Glodyne Techno.
26456,Hubtown
26503,Saksoft
26569,Provogue (India)
26579,Kaya Ltd
26604,Nandan Denim
26642,Rane (Madras)
26653,Vikash Metal
26729,Sejal Glass
26760,KM Sugar Mills
26766,Vivimed Labs.
26780,Indiabulls Vent.
26813,Rohit Ferro Tec.
26822,Rajvir Inds.
26828,Shivam Autotech
26837,Radha Madh.Corp.
26838,Godawari Power
26839,Educomp Sol.
26849,GOL Offshore
26853,Store One Retail
26856,Pratibha Inds.
26860,Bartronics India
26864,Sakuma Exports
26866,GVK Power Infra.
26867,Celebrity Fash.
26881,Varun Inds.
26912,Technocraf.Inds.
26923,Raj Oil Mills
27039,Gokul Refoils
27172,Sunil Hitech
27206,Rel. Comm.
27231,Malu Paper
27242,B.L.Kashyap
27243,Gallantt Metal
27244,Visa Steel
27257,Adhunik Metal
27264,Prime Focus
27265,Celestial Biolab
27266,Kewal Kir.Cloth.
27271,KF Airlines
27272,Supreme Infra.
27273,K E C Intl.
27297,Emk.Global Fin.
27299,Plethico Pharma.
27310,Glory Films
27313,Parabolic Drugs
27323,JSW Energy
27325,JHS Sven.Lab.
27333,Allcargo Logist.
27338,Action Const.Eq.
27340,HOV Services
27341,Volt.Transform.
27346,Renaissance Jew.
27347,Sh.Ashtavinayak
27350,GTN Textiles
27360,Global Vectra
27361,Broadcast Init.
27363,Evinix Indus.
27366,Cambridge Tech.
27367,Abhishek Corp.
27371,Everonn Educat.
27375,Sutlej Textiles
27387,L T Foods
27415,Ruchira Papers
27419,Texmaco Rail
27437,TGB Banquets
27441,Oriental Trimex
27443,Sobha
27482,TV18 Broadcast
27483,Sr.Rayala.Hypo
27485,Ess Dee Alumin.
27486,Mahindra CIE
27500,Hinduja Global
27501,Nissan Copper
27504,OCL Iron & Steel
27506,Hilton Met.Forg.
27528,Autoline Inds.
27530,AMD Industries
27531,Euro Ceramics
27538,Ankit Met.Power
27539,Cineline India
27558,MBL Infrast
27576,Nagreeka Cap.
27581,C & C Constrn.
27594,Astec Life
27603,Cairn India
27612,E-Land Apparel
27614,Pearl Global Ind
27654,MIC Electronics
27655,Astral Poly
27660,Brandhou.Retail
27662,SEL Mfg. Co
27675,SPARC
27678,Tarmat
27679,V2 Retail
27696,Kaushalya Infra.
27697,Netwrk.18 Media
27699,Indus Fila
27705,Zee Media
27706,Siti Networks
27707,Decolight Cera.
27710,Alpa Lab.
27715,Take Solutions
27738,Omaxe
27739,Barak Valley
27740,Asahi Songwon
27753,Time Technoplast
27754,Insecticid.India
27768,Nitin Fire Prot.
27793,Camlin Fine
27794,Refex Industries
27797,Nahar Capital
27798,Asian Granito
27800,Indbull.RealEst.
27828,H D I L
27896,Magnum Ventures
27966,GI Engg.Sol.
27985,GSS Info.
27987,Man Infra
27989,Rushil Decor
27995,Dhanus Tech.
28003,Kaveri Seed Co.
28009,K P R Mill Ltd
28011,Motil.Oswal.Fin.
28013,Maan Aluminium
28038,Koutons Retail
28041,Burnpur Cement
28049,Kiri Indus.
28069,WABCO India
28071,Sujana Towers
28074,Bajaj Auto
28075,Bajaj Finserv
28145,Metkore Alloys
28150,Religare Enterp.
28183,Bang Overseas
28229,Edelweiss.Fin.
28239,Somi Conv.Belt.
28241,Sita Shree Food
28243,Mold-Tek Pack.
28245,Tecpro Systems
28257,REI Six Ten
28267,Tulsi Extrusions
28290,PTC India Fin
28292,Cords Cable
28293,eClerx Services
28294,Brigade Enterpr.
28300,J Kumar Infra
28301,OnMobile Global
28304,MVL
28331,Tarapur Trans
28334,KNR Construct.
28340,T R I L
28363,GREENETH.RES&PRO
28364,Capital First
28365,IRB Infra.Devl.
28369,Shriram EPC
28424,First Winner
28432,Teledata Tech
28434,Archidply Inds.
28441,Vascon Engineers
28573,Resurgere Mines
28574,Mandhana Indus
28589,D B Corp
28591,Ramky Infra
28611,Bafna Pharma.
28612,Birla Cotsyn
28627,LGB Forge
28666,Euro Multivision
28668,Nu Tek India
28695,PNC Infratech
28894,Nitesh Estates
28967,Lotus Eye Care
29112,Microsec Fin
29175,RPG LifeScience.
29187,KSK Energy Ven.
29300,Piraml.Phyto.
29301,Rane Engine Val.
29302,Rane Brake Lin.
29303,Sicagen India
29335,Future Consumer
29368,ARSS Infra
29472,Fineotex Chem
29545,A2Z Infra Engg.
29548,Innoventive Ind.
29574,Prakash Steelage
29583,Bharat Financial
29706,Gyscoal Alloys
29776,VRL Logistics
29955,Infinite Comp
30017,Edserv Softsys.
30089,C Mahendra Exp
30141,Excel Infoways
30163,Jindal Cotex Ltd
30251,Welspun Investme
30252,Syncom Health
30297,BS
30326,Arrow Textiles
30337,Sreeleathers
30992,Texmo Pipes
31509,Pradip Overseas
31785,D-Link India
32039,Electrosteel St.
32050,Farmax India
32414,Asian Hotels (E)
32948,Kesar Terminals
33159,Interglobe Aviat
33402,Dr.Datsons Labs
33406,Speciality Rest.
33432,SQS India BFSI
33444,Kirloskar Oil
33583,PC Jeweller
33638,Prabhat Dairy
33816,Flexituff Intl.
34020,MEP Infrast.
34142,GNA Axles
34162,V-Mart Retail
34263,IL&FS Transport
34404,S P Apparels
34493,Shree Gan.Jew.
34518,Emami Infra.
34663,Jaypee Infratec.
34673,TD Power Sys.
34697,Equitas Holdings
34741,Sanghvi Forg.
34787,Power Mech Proj.
34793,Sh.Pushkar Chem.
34819,Rattanindia Pow.
34901,Ujjivan Fin.Ser.
34917,Ducon Tech
34920,Thangamayil Jew.
35066,Den Networks
35142,Aqua Logistics
35224,BF Investment
35410,Sharda Cropchem
35595,Emmbi Industries
35607,Gravita India
35611,DQ Entertain.
35715,Cantabil Retail
35717,D B Realty
35743,Goenka Diamond
35794,Omkar Spl.Chem.
35844,CIL Nova Petro.
35848,Surana Solar
35919,Indosolar
36016,Techno Elec.
36017,Kalyani Invest.
36019,Va Tech Wabag
36162,RPP Infra Proj.
36229,Indiabulls Hous.
36662,Dilip Buildcon
37265,Dhunseri Invest.
37382,Talwal.Better
37447,Shekhawati Poly.
37500,Gallantt Ispat
37831,Shri Aster Silic
37832,Eros Intl.Media
37833,Zee Learn
38025,Oberoi Realty
38133,Bil Energy Sys.
38208,Shilpi Cable
38220,PG Electro.
38364,ARCL Organics
38564,Indbul.Wholesale
38565,Career Point
38700,Indian Terrain
38716,Bajaj Corp
38761,SRS
38892,AcroPetal Tech.
38923,TCI Developers
38925,Dalmia Bhar.
39082,Karma Ener.
39220,Commercial Eng.
39716,Orient Green
40028,Sudar Industries
40111,Asian Hotels (W)
40258,Tara Jewels
40279,Bharti Infra.
40294,Alembic Pharma
40342,Jubilant Inds.
40370,Pennar Engg.Bld.
40401,Elgi Rubb.
40412,Vardhman Spl.
40437,Servalaksh.Paper
40438,Furure Market
40449,Para. Print.
40450,Timbor Home
40457,Endurance Tech.
40458,Vaswani Inds.
40460,Tijaria Poly.
40479,Bharatiya Glob.
40505,Brooks Lab.
40506,Kridhan Infra
40517,Onelife Capital
40521,Thomas Scott
40530,Taksheel Sol.
40552,Nagarjuna Fert.
40553,Nagar.Oil Refin.
40564,Ujaas Energy
40566,Sanco Industries
40647,Tree House Edu.
40738,Essar Shipping
40749,Orient Refrac.
40790,Arvind Infra.
40912,Aditya Bir. Fas.
40946,Star Ferro Cem.
41136,Prakash Constro.
41147,L&T Fin.Holdings
41218,Schneider Elect.
41238,Indo Thai Sec.
41261,Dr Lal Pathlabs
41290,M B Agro Prod.
41312,MT Educare
41315,Weizmann For.
41368,VKS Projects
41369,Just Dial
41398,Shemaroo Entert.
41403,TV Vision
41473,Hexa Tradex
41487,RattanIndia Infr
41492,Prozone Intu
41535,S E Power
41741,Integra Garments
41859,NRB Indl Bearing
42049,Sadbhav Infra.
42197,Thejo Engg.
42260,Advance Meter.
42328,Zuari Agro Chem.
42518,Thyrocare Tech.
42523,Health.Global
42606,Northgate Com
42820,Veto Switchgears
43069,PDS Multi.
43083,Genus Paper & Bo
43230,Opal Luxury
43309,Snowman Logistic
43397,Ashapura Inti.
43583,Wonderla Holiday
43686,Future Lifestyle
43814,Greenlam Industr
43822,Mitcon Consult.
43863,Jindal Poly Inve
43934,Gujarat Gas
43936,India Info.Hou.
43989,Inox Wind
44041,Nath Bio-Genes
44042,Agri-Tech India
44085,Dhunseri Tea
44398,Quess Corp
44404,HPL Electric
44814,L&T Technology
45107,Narayana Hrudaya
45144,Parag Milk Foods
45748,Navkar Corporat.
45765,Gulf Oil Lubric.
45793,BDR Buildcon
45914,Majesco
45921,Momai Apparels
52315,Neopolitan Pizza
54759,IDFC Bank
54769,Intellect Design
54778,Coffee Day Enter
54840,MASK INVESTMENTS
64824,Monte Carlo Fas.
64845,Manaksia Alumi.
64846,Manaksia Steels
64847,Manaksia Coated
64848,Manaksia Indus.
64887,Manpasand Bever.
65118,UFO Moviez
65191,Jindal Stain .Hi
65297,HEC Infra Proj.
65524,Pudumjee Paper
65688,Adlabs Entert.
65733,Crompton Gr. Con
65804,Balkrishna Paper
65841,Infibeam Incorp.
65868,Shaival Reality
65878,InfoBeans Tech.
65921,Shyam Century
66041,Elite Conductors
66042,Future Retail
66221,SAB Events
66273,Adani Transmissi
66318,BIGBLOC Const.
66415,Sakar Healthcare
66472,Pneumatic Holdin
66539,Emkay Taps & Cut
66574,Quick Heal
66592,Ahimsa Indust.
66673,Husys Consulting
66762,Perfect Infraeng
66768,Bharat Wire
67056,Lloyds Steels
67280,Fourth Dimension
67285,Jet Knitwears
67292,Wealth First Por
67573,Max India
67574,Max Ventures
67804,Gokul Agro
67942,Digjam
68137,Sagardeep Alloys
68227,United Polyfab
68384,KKV Agro Powers
68704,Crown Lifters
68728,AVSL Industries
68790,Gretex Indust.
68799,Nandani Creation
68803,Aurangabad Dist.
68804,Pansari Develop.
68805,Dhanuka Realty
68806,Globe Intl. Car.
68825,Art Nirman Ltd
68973,Agro Phos
